old;new
Accounting;Accountancy and Finance Jobs
Accountants, Assistants and Bookkeeping;Bookkeeping Jobs
Banking, Insurance and Investment;Banking Jobs
Marketing, Media and PR;Marketing, Media and PR Jobs
Account Management;Marketing Jobs
Business Development;Marketing Jobs
Design and Creative;Design and Creative Jobs
Editorial and Content;Writing Jobs
Film, TV and Production;Design and Creative Jobs
General Marketing;Marketing Jobs
PR and Communications;PR Jobs
SEO and PPC;Digital Marketing, SEO and PPC Jobs
Social Media;Digital Marketing, SEO and PPC Jobs
Babysitting and Nannies;Childcare Jobs
Banking, Settlements and Insurance;Accountancy and Finance Jobs
Bar Jobs;Bar Jobs
Caretaking and Handymen;General Jobs
Charity and Volunteering;Charity, Non-Profit and Volunteering Jobs
"Chefs, Cooks and Kitchen ";Hospitality and Catering Jobs
Web Development and IT;Computing and IT Jobs
Project Management and Business Analysis;Business Analyst Jobs
Web Design and Usability;Web Design Jobs
Web Development, Programming and Testing;Web Developer Jobs
Web Support, Database and Systems Admin;IT Support Jobs
"Construction and Engineering ";Construction, Tradesmen and Property Jobs
Architecture and Engineering;Architecture Jobs
Carpenter and Joiner;Carpentary and Joinery Jobs
Building Services and Maintenance;Building Service and Maintenance Jobs
Tradesmen and Labour;Labourer Jobs
"Data Entry and Junior Admin ";Office, Admin and PA Jobs
"Dentist and Dental Hygiene ";Healthcare and Medicine Jobs
Equestrian Jobs;Farming, Gardening and Pet Jobs
Farming Jobs;Farming, Gardening and Pet Jobs
Flyering;General Jobs
Garden and Landscape;Farming, Gardening and Pet Jobs
"Graphic Design and Fashion ";Marketing, Media and PR Jobs
Health and Beauty;Health, Beauty and Fitness Jobs
Beauty and Nails;Spa and Beauty Jobs
Diet and Fitness;Gym and Fitness Jobs
Hairdressing and Styling;Hairdressing and Styling Jobs
Healthcare;Healthcare and Medicine Jobs
Biotechnology and Pharmaceutical;Pharmaceutical Jobs
Medical and Nursing;Medical Jobs
Occupational Therapy;Occupational Therapy Jobs
Physiotherapy;Physiotherapy Jobs
Host Families;General Jobs
Hotel Jobs;Hospitality and Catering Jobs
"Housekeeping and Cleaning ";General Jobs
"Legal and Paralegal ";Law Jobs
Conveyancing and Paralegal;Licenced Conveyancing Jobs
Legal Secretarial and Admin;Legal Secretary Jobs
Qualified Solicitor;Solicitor Jobs
"Marine Jobs ";General Jobs
"Mechanics and Automotive ";Automotive Jobs
"Modelling and Promotions ";General Jobs
"Music Jobs ";General Jobs
Reception and Customer Service;Office, Admin and PA Jobs
"Recruitment, HR and Training ";Recruitment and HR Jobs
Retail Jobs;Sales, Retail and Customer Service Jobs
"Sales Jobs ";Sales, Retail and Customer Service Jobs
"Seasonal and Overseas Jobs ";"Seasonal and Overseas Jobs "
"Secretarial, PAs and Admin ";Office, Admin and PA Jobs
Security Jobs;General Jobs
Social Care and Home Help;Home and Social Care Jobs
Domiciliary Care;Domiciliary Care Jobs
Live-In Care;Care Assistant Jobs
Social Work;Social Work Jobs
Sports and Healthclub;Health, Beauty and Fitness Jobs
Student and Graduate;Graduate Jobs and Apprenticeships
"Teaching, Teacher and Nursery ";Education Jobs
Fitness Teachers;Gym and Fitness Jobs
Languages;Language Teaching Jobs
Managerial;"Other Education Jobs "
Primary and Nursery;Primary Teaching Jobs
Private Tutoring;Tutoring Jobs
Secondary and Higher Education;Secondary Teaching Jobs
"Special Education ";Special Educational Needs Jobs
Teaching Assistants;Teaching Assistant Jobs
Telesales;Sales, Retail and Customer Service Jobs
Veterinary and Animal Care;Farming, Gardening and Pet Jobs
Waiting and Restaurant;Hospitality and Catering Jobs
General Jobs;General Jobs
